PREGUNTA,RESPUESTA,
¿Qué debo tener en cuenta antes de realizar mi horario?,"1. Revisar el simulador de horarios disponible en la página web para tener opciones de inscripción. 2. Validar en SAP la fecha de asignación de matrícula, recuerda que la misma es determinada por promedio acumulado de permanencia. 3. Verificar que no tenga bloqueo por documentos, en caso de tenerlo remitir solicitud de retiro al correo ecei@usa.edu.co. 4. Proceder a la inscripción de asignaturas.",
¿Qué debo hacer si no me permite hacer horario por bloqueo?,"Si tu bloqueo es por documentos, solicita el retiro del mismo al correo ecei@usa.edu.co. Si es financiero, contacta a apoyo financiero.",
¿Es posible matricular asignaturas antes de la fecha asignada por el sistema?,"No, el sistema determina la fecha y hora de inscripción teniendo en cuenta el promedio acumulado de permanencia, para evitar congestión al realizar la matrícula.",
¿Qué debo hacer si el sistema solo me permite matricular algunos créditos o no me permite matricular?,Comunícate con coordinación académica. Puede que estés en normativa académica por tener un promedio acumulado de permanencia inferior a 3.3.,
¿Qué debo hacer si ya pasó el día y/o hora asignada para matrícula?,"Todas las noches, luego de las 7:00 p.m., se habilitará el sistema para matrícula y/o cambios hasta el cierre de fechas de matrículas, si ya pasó tu cita asignada.",
¿Es posible la apertura de cupos para una asignatura?,"No, las asignaturas se ofertan según el pronóstico de aspirantes y capacidad de espacios. Debes optar por otra asignatura.",
¿Qué debo hacer en caso de cruce de horario?,"Consulta el simulador de horarios para evitar cruces. Si se presenta un cruce, debes optar por otra asignatura. No se pueden hacer modificaciones que afecten a otros estudiantes ya inscritos.",
¿Es posible el cierre de asignaturas ya ofertadas?,"Sí, se exige contar con mínimo 7 estudiantes matriculados. Si no se cumple, la asignatura no puede ofertarse y se cierra el grupo.",
¿Cómo debo gestionar una incapacidad médica?,"Preséntala al centro médico de la universidad para su legalización. Ellos notificarán a la escuela y justificarán las fallas en el sistema. Las fallas se justifican, no se retiran.",
¿Con cuántas fallas pierdo una asignatura?,Debes cumplir con el 80% de asistencia según el reglamento estudiantil. Esto se calcula en base al número de horas semanales por las 16 semanas del semestre académico.,
¿Qué debo hacer para postularme a grados?,"Una vez completes tu plan de estudios, incluyendo práctica profesional y opción de grado, postúlate a la Fase I del proceso para obtener tu Marcación como futuro egresado en el siguiente link.",
¿Qué opciones de grado se encuentran ofertadas?,"- Trabajo de grado - Estudio coterminal - Plan de negocios - Semilleros - Ingeniería humanitaria - Práctica profesional Solo válido para estudiantes de los programas de Ciencias de la computación e IA, Ingeniería Electrónica y Matemáticas que pertenecen al nuevo plan de estudios.",
¿En qué consiste el trabajo de grado?,"Es una modalidad que permite a un estudiante, o grupo de estudiantes, desarrollar un trabajo teórico o experimental aplicando conocimientos adquiridos durante la formación profesional para la solución de un problema, necesidad o servicio, el cual debe ser delimitado y alcanzable. Más información: - Director de Ingeniería y Tecnología: Rafael Cerpa (rafael.cerpa@usa.edu.co) - Directora de Ingeniería y Medio Ambiente: María Clara Sánchez (mariacla.sanchez@usa.edu.co) - Director de Ingeniería y Organización: Juan Sebastián Escobar (juan.escobar02@usa.edu.co) - Directora de Ciencias Básicas y Matemáticas: Marta Corrales (martha.corrales@usa.edu.co)",
¿En qué consiste el estudio coterminal como opción de grado?,"Permite que el estudiante profundice en un área del conocimiento desarrollando competencias profesionales cursando y aprobando un mínimo de 8 créditos académicos ofertados por los programas de posgrado de la Escuela de Ciencias Exactas e Ingeniería de la Universidad Sergio Arboleda. Autorización: Haber aprobado el 85% de los créditos académicos y solicitar la carta de autorización junto con tu nombre completo, número de identificación y nombre del programa de posgrado elegido al correo: heyly.casteblanco@usa.edu.co. Más información: link",
¿En qué consiste el plan de negocios como opción de grado?,"Transformar Sueños en Empresa es un programa de aceleración empresarial que ofrece a los emprendedores capacitación, herramientas y metodologías para ayudar a impulsar sus negocios de manera exponencial y sostenible. Más información: nubia.chavez@usa.edu.co o WhatsApp 3148518483.",
¿En qué consiste semilleros como opción de grado?,"Es un escenario académico que promueve desde el aprendizaje experiencial la iniciación en investigación científica, desarrollo tecnológico, creación artística y cultural, o innovación. El estudiante debe estar inscrito durante no menos de un (1) año, dos semestres lectivos consecutivos. Más información: - Ciencias de la Computación e Inteligencia Artificial, Ingeniería de Sistemas e Ingeniería Electrónica: Ing. Ronald Hurtado (ronald.hurtado@usa.edu.co) - Ingeniería Ambiental: Ellie López (ellie.lopez@usa.edu.co) - Ingeniería Industrial: Ing. Miguel Ariza (miguelan.ariza@usa.edu.co) - Matemáticas: Dra. Marta Corrales (martha.corrales@usa.edu.co)",
¿En qué consiste ingeniería humanitaria como opción de grado?,"Formación de profesionales capaces de co-crear soluciones de impacto con comunidades en situaciones de vulnerabilidad económica, social o ambiental, bajo la metodología de Aprendizaje Basado en Retos, donde el reto se define como una necesidad real de una fundación o comunidad. Más información: alejandro.ruiz@usa.edu.co",
¿En qué consiste la práctica profesional como opción de grado?,"Solo es válida para estudiantes de los programas de Ciencias de la Computación e IA, Ingeniería Electrónica y Matemáticas que pertenecen al nuevo plan de estudios. Más información: practicas.ecei@usa.edu.co",
¿Quién es la Coordinadora de Prácticas y Egresados?,Nombre: Sandra Rodríguez.,
¿Cuáles son las funciones de la Coordinadora de Prácticas y Egresados en relación con las prácticas profesionales?,"- Realizar taller de inducción a práctica profesional. - Gestionar proceso de formalización y legalización de práctica profesional. - Hacer el seguimiento y acompañamiento a instancias de prácticas profesionales de inicio a cierre. - Elaborar informes de indicadores, hallazgos y gestión del proceso de práctica profesional.",
¿Cuáles son las funciones de la Coordinadora de Prácticas y Egresados en relación con empresas?,"- Gestionar la base de datos de empresas. - Gestionar las visitas y salidas académicas empresariales. - Gestionar el relacionamiento con las empresas patrocinadoras de práctica profesional (portafolio educativo, convenios, proyectos aplicados, consultoría, educación continuada).",
¿Cuáles son las funciones de la Coordinadora de Prácticas y Egresados respecto a los egresados?,"- Gestionar espacios de contacto permanente con los egresados de las ofertas académicas. - Gestionar el indicador de egresados no graduados y graduados. - Gestionar la base de datos y ofertas de empleo de los egresados de la Escuela. - Difundir, diseñar y visibilizar instrumentos de evaluación e historias inspiradoras de los egresados de la Escuela. - Gestionar y realizar iniciativas de valor agregado para los egresados. - Organizar y gestionar eventos de premiación a egresados de la Escuela.",
¿Cuáles son las funciones de la Coordinadora de Prácticas y Egresados en internacionalización?,"- Recibir y dar trámite a cartas de solicitudes especiales de los estudiantes según sea el caso. - Llevar una estadística de indicadores de resultado y de proceso para la internacionalización (comunicación oportuna de ofertas, formatos de intercambio, seguimiento al estudiante, convenios).",
¿Cuáles son las funciones de la Coordinadora de Prácticas y Egresados en gestión académica?,- Apoyar en la aprobación y revisión de expedientes de grado conforme a la vertical académica del estudiante. - Apoyar en los estudios de homologación y el diligenciamiento de la respectiva documentación para su formalización ante la secretaria de la institución. - Generar y tramitar recibos para las competencias certificables de los programas que pertenecen a la unidad académica. - Apoyar la gestión de programación académica correspondiente a la oferta (cronograma y asignación docente de acuerdo con la directriz de la dirección). - Gestionar la entrega y satisfacción total de la oferta de educación continuada. - Gestionar el cumplimiento de cronograma para las ofertas académicas de educación continuada. - Gestionar la base y repositorio de indicadores para la evaluación de desempeño de los docentes de educación continuada.,
¿Quién es la Coordinadora Académica?,"Las coordinadoras academicas son: 1. Yasmín Vargas
2. Liliana Castro
3. Heyly Castelblanco",
¿Cuál es la función de la Coordinadora Académica Yasmín Vargas en el Programa de Talentos Matemáticos?,"Coordinar el Programa de Talentos Matemáticos: oferta, admisiones, presupuesto, contrataciones, cargue de cursos, asignación de espacios, matrícula, bienvenida, clausura y atención de las solicitudes que lleguen y las comunicaciones derivadas del manejo del mismo.",
¿Qué debe hacer la Coordinadora Académica Yasmín Vargas respecto a la divulgación de cursos y coloquios?,"Solicitar piezas para la divulgación de los cursos ofertados, coloquios del programa de matemática y enviar correos masivos a base de colegios (interna).",
¿Cuál es la función de la Coordinadora Académica Yasmín Vargas en la feria de proyectos?,Realizar la feria de proyectos con los stands para cada curso y realizar la clausura con la entrega de los certificados a cada estudiante.,
¿Cómo realiza la Coordinadora Académica Yasmín Vargas el seguimiento a estudiantes en ECEI?,"Seguimiento a los interesados, matriculados y desertados de la ECEI.",
¿Qué evento apoya la Coordinadora Académica Yasmín Vargas con los colegios?,"Apoyo en la organización del Encuentro Juvenil de Matemáticas (EJM), evento externo con el Colegio Próspero Pinzón y el Abraham Bilingual School.",
¿Cuál es la función de la Coordinadora Académica Yasmín Vargas respecto a las visitas de profesores a colegios?,Coordinar las visitas de los profesores a colegios y la logística de transporte y horarios de la salida.,
¿Qué funciones tiene la Coordinadora Académica Yasmín Vargas en la preparación del presupuesto?,Preparación y revisión del presupuesto administrativo.,
¿Qué coordina la Coordinadora Académica Yasmín Vargas en la bienvenida a estudiantes?,"Coordinar los aspectos logísticos de la bienvenida a los estudiantes de programas académicos y la elaboración de eventos académicos de promoción (lugar, carpeta, horarios, instrucciones, presentes, etc.).",
¿Cómo maneja la Coordinadora Académica Yasmín Vargas los procesos de investigación?,Recibir y dar trámite a la información necesaria para la legalización de los procesos de investigación con actores internos y externos a la ECEI.,
¿Qué coordina la Coordinadora Académica Yasmín Vargas en los semilleros de investigación y trabajos de grado?,Coordinar la sustentación de semilleros de investigación y trabajos de grado. Gestionar el respectivo cargue a la vertical académica.,
¿Cómo asigna la Coordinadora Académica Yasmín Vargas los jurados y asesores de trabajo de grado?,Asignar los jurados y asesores de trabajo de grado según las instrucciones de la Dirección.,
¿Qué gestiona la Coordinadora Académica Yasmín Vargas en las salidas académicas?,Gestionar transporte y necesidades logísticas como activación de seguros académicos y autorización de ingreso por parte de seguridad para las salidas académicas.,
¿Qué requerimientos logísticos maneja la Coordinadora Académica Yasmín Vargas para eventos académicos?,"Gestionar requerimientos logísticos para soporte de salones de posgrados y reserva de espacio, solicitud de estación de café, premios y/o refrigerios para eventos académicos.",
¿Cómo tramita la Coordinadora Académica Yasmín Vargas cuentas y adquisiciones en la ECEI?,"Tramitar cuentas de cobro, compras, mantenimiento, viajes y/o adquisiciones de solicitudes requeridas en la ECEI para pregrados y posgrados.",
¿Qué informes realiza la Coordinadora Académica Yasmín Vargas para la institución?,Realizar informes de investigación para procesos internos y externos de la institución.,
¿Cómo gestiona la Coordinadora Académica Yasmín Vargas la reserva de papelería y material de grado?,Gestionar y asegurar la reserva de papelería y material de grado para la Escuela.,
¿Cómo asegura la Coordinadora Académica Yasmín Vargas el buen estado de las instalaciones?,Asegurar y velar por el buen estado de las instalaciones de la Escuela.,
¿Qué controla la Coordinadora Académica Yasmín Vargas respecto a los puestos de trabajo?,"Asignar y controlar puestos de trabajo de docentes y administrativos, asegurando que cuenten con todos los requerimientos.",
¿Cómo maneja la Coordinadora Académica Yasmín Vargas la comunicación con organizaciones externas?,Gestionar los canales de comunicación con las organizaciones externas para asuntos operativos de investigación.,
¿Qué informes de ejecución realiza la Coordinadora Académica Yasmín Vargas?,"Realizar y gestionar informes de ejecución, saldos presupuestales y caja menor.",
¿Cuál es la función de la Coordinadora Académica Liliana Castro en el seguimiento y acompañamiento a estudiantes?,Realizar el seguimiento y acompañamiento a estudiantes en su calidad de psicóloga.,
¿Qué seguimiento realiza la Coordinadora Académica Liliana Castro en normativa académica y casos especiales?,"Realizar seguimiento, asesoría, orientación y referenciación a estudiantes de la ECEI en normativa académica, USAPI, estudiantes con intención de retiro, quienes reprueben asignaturas y solicitudes especiales.",
¿Qué hace la Coordinadora Académica Liliana Castro con las solicitudes de retiro y traslado?,Recibir y dar trámite a las solicitudes de retiro y traslado.,
¿Cómo maneja la Coordinadora Académica Liliana Castro la documentación de procesos disciplinarios?,"Elaborar, diligenciar y generar la documentación necesaria para dar soporte y trámite a los procesos disciplinarios.",
¿Qué coordina la Coordinadora Académica Liliana Castro en cuanto a tutorías y supletorios?,"Realizar la coordinación de tutorías y supletorios de la ECEI y departamento de matemáticas: creación de franjas, seguimiento asistencia de docentes a tutoría, control de tutorías para nómina, orientación a docentes y estudiantes para registro y solicitud de tutorías.",
¿Qué talleres realiza la Coordinadora Académica Liliana Castro relacionados con la actitud matemática?,"Realizar talleres de actitud matemática donde se abordan temas relacionados con psicología del aprendizaje, técnicas de estudio, actitud y aprendizaje, preparación mental para la presentación de exámenes, inteligencia emocional, inteligencias múltiples, atención, motivación, memoria, entre otros.",
¿Qué seguimiento realiza la Coordinadora Académica Liliana Castro en el proceso de matrícula?,"Acompañar el seguimiento de aspirantes entrevistados y estudiantes para el proceso de matrícula, estableciendo contacto y orientación en fechas establecidas.",
¿Cómo gestiona la Coordinadora Académica Liliana Castro los indicadores de admisión?,Llevar un seguimiento de los indicadores en los procesos de admisión a los programas académicos.,
¿Qué apoyo brinda la Coordinadora Académica Liliana Castro en la coordinación de monitores?,"Apoyar la coordinación de monitores en entrevistas para la selección de monitores, comunicación con decanatura para los procesos de pago de incentivos, análisis y evaluación de monitores para informe de desempeño, apoyo a talleres libres para estudiantes del departamento y establecimiento de monitores para estudiantes del programa que así lo requieran.",
¿Qué convocatorias gestiona la Coordinadora Académica Liliana Castro?,Lanzar convocatorias para reclutamiento de talento humano de acuerdo con los lineamientos de la Dirección y Decanatura.,
¿Qué documentos redacta la Coordinadora Académica Liliana Castro según instrucciones de la Dirección?,Redactar memorandos y llamados de atención de acuerdo con instrucciones de la Dirección o Decanatura de la Escuela.,
¿Cómo maneja la Coordinadora Académica Liliana Castro las solicitudes de certificados?,Recibir y dar trámite a las solicitudes de certificados por parte de la planta docente y administrativa.,
¿Qué debe consolidar y enviar la Coordinadora Académica Liliana Castro para los docentes?,"Consolidar y enviar el kit de Bienvenida Docente, según el programa académico.",
¿Cómo gestiona la Coordinadora Académica Liliana Castro el repositorio estadístico?,"Gestionar el repositorio estadístico de indicadores de calidad, Delphos, notas, reporte semestral docente, SABER PRO y visitas a salones.",
¿Qué asesoría facilita la Coordinadora Académica Liliana Castro a los egresados?,"Facilitar la asesoría profesional a los egresados para búsqueda, actualización, cambio de carrera y desarrollo de habilidades.",
¿Qué reportes debe hacer la Coordinadora Académica Liliana Castro al área de talento humano?,"Reportar al área de talento humano la continuidad y no continuidad del personal, según las instrucciones de la dirección y decanatura.",
¿Qué verifica y hace seguimiento la Coordinadora Académica Liliana Castro en cuanto a contenidos programáticos?,Verificar y hacer seguimiento al cargue de contenidos programáticos y asistencia.,
¿Cómo mantiene la Coordinadora Académica Liliana Castro actualizadas las aulas virtuales?,Mantener actualizadas las aulas virtuales en función de los procesos de enseñanza de la Escuela.,
¿Qué función tiene la Coordinadora Académica Heyly Castelblanco en las entrevistas?,Apoyar las entrevistas cuando el Director no pueda llevar a cabo estas.,
¿Cómo gestiona la Coordinadora Académica Heyly Castelblanco los indicadores de opciones de grado?,Gestionar indicadores de opciones de grado.,
¿Qué debe hacer la Coordinadora Académica Heyly Castelblanco respecto a los derechos de petición?,Dar respuesta a los derechos de petición en los tiempos de ley y con el respectivo soporte.,
¿Qué función tiene la Coordinadora Académica Heyly Castelblanco en la revisión de expedientes de grado?,Aprobar y revisar el expediente de grado conforme a la vertical académica del estudiante.,
¿Cómo maneja la Coordinadora Académica Heyly Castelblanco los estudios de homologación?,Realizar los estudios de homologación y el diligenciamiento de la respectiva documentación para su formalización ante la secretaria de la institución.,
¿Qué permisos gestiona la Coordinadora Académica Heyly Castelblanco?,Gestionar permisos especiales de inscripción y retiro de materias.,
¿Qué proceso de egresados activa la Coordinadora Académica Heyly Castelblanco?,"Activar y gestionar el proceso de ""Marcación como futuro egresado"".",
¿Qué instrumentos lanza la Coordinadora Académica Heyly Castelblanco durante el semestre?,Lanzar los instrumentos de medición y calidad en el intermedio y final del semestre.,
¿Cómo gestiona la Coordinadora Académica Heyly Castelblanco la información de indicadores de calidad?,"Consolidar y cargar la información a la base de datos de indicadores para seguimiento de gestión de calidad. Docentes, estudiantes y administrativos.",
¿Qué programación realiza la Coordinadora Académica Heyly Castelblanco?,Realizar la programación académica correspondiente a la oferta. Cronograma y asignación docente de acuerdo con directriz de la dirección.,
¿Cómo maneja la Coordinadora Académica Heyly Castelblanco las PQR?,Gestionar la atención a las PQR.,
¿Qué soporte brinda la Coordinadora Académica Heyly Castelblanco en auditorías?,Soportar los procesos de auditoría interna y externa de las unidades académicas.,
¿Qué gestiona la Coordinadora Académica Heyly Castelblanco respecto a cambios de plan de estudios?,Gestionar y soportar cambios de plan de estudios en vertical SAP.,
¿Cómo trabaja la Coordinadora Académica Heyly Castelblanco con los Directores?,Trabajar y articular con los Directores las necesidades y pertinencia de las ofertas académicas.,
¿Cuándo se puede visitar el Observatorio Astronómico?,El Observatorio astronómico de la Universidad Sergio Arboleda tiene diferentes actividades para visitar como son: tertulias aeroespaciales y jueves de observación,
¿Cómo me Inscribo para el Jueves de Observación?,"Para ingresar a todas nuestras actividades debes registrarte a cada uno de los eventos que quieras asistir, los links de registro los encontraras en la página web de la Universidad Sergio Arboleda apartado observatorio astronómico o en nuestras redes sociales ""Observatorio Astronómico Universidad Sergio Arboleda"" en Facebook o en Instagram como la @lasergioescosmos",
¿Qué otras Actividades se realizan en el Observatorio Astronómico?,"El Observatorio astronómico de la Universidad Sergio Arboleda tiene varias actividades de acceso gratuito, como son nuestras tertulias aeroespaciales las cuales se realizan los días martes, lo mismo que nuestros conocidos jueves de observación que como su nombre lo indican se realizan todos los jueves del año.",
¿Como reservar el Planetario del Observatorio Astronómico?,"Para reservar los espacios del observatorio astronómico ""temas académicos"" Cúpula y planetario debes dirigirte al piso 10 de la torre F donde encontraras las oficinas, allí podrás hacer la reserva con el equipo del observatorio astronómico.",
¿Como reservar la Cúpula del Observatorio Astronómico?,"Para reservar los espacios del observatorio astronómico ""temas académicos"" Cúpula y planetario debes dirigirte al piso 10 de la torre F donde encontraras las oficinas, allí podrás hacer la reserva con el equipo del observatorio astronómico.",
¿Dónde Encuentro la Agenda de Actividades del Observatorio Astronómico?,La Agenda de actividades la puedes encontrar en la página web de la Universidad Sergio Arboleda apartado Observatorio Astronómico o en nuestras redes sociales en Facebook Observatorio Astronómico Universidad Sergio Arboleda o en Instagram @lasergioescosmos,
¿Donde se encuentra ubicado el Observatorio Astronómico?,El Observatorio Astronómico se encuentra en la Torre F piso 10,
¿Que debo hacer para asistir a las actividades del Observatorio Astronómico?,Para asistir a las distintas actividades del Observatorio astronómico debes registrarte a cada una de nuestras actividades a través de la página web de la Universidad Sergio Arboleda apartado Observatorio Astronómico o en nuestras redes sociales en Facebook Observatorio Astronomico Universidad Sergio Arboleda o en Instagram @lasergioescosmos,
¿Cómo puedo rastrear el Satélite Libertad 1?,"Puedes rastrear el primer satélite de Colombia a traves de los siguientes links
colocando libertad 1 
https://sky.rogue.space/
https://www.n2yo.com/",
¿Qué cursos de astronomía dicta el observatorio astronómico?,"El observatorio astronómico cuenta con dos cursos básicos de astronómia como son el curso Vega de astronomía básica y el curso ""Mi universo desde mi planeta azul"" para niños de los 9 a 13 años, para más información por favor acercarse al Observatorio Astronómico Torre F piso 10",
¿Cuándo se puede visitar el Observatorio Astronómico?,El Observatorio astronómico de la Universidad Sergio Arboleda tiene diferentes actividades para visitar como son: tertulias aeroespaciales y jueves de observación,
¿Cómo me Inscribo para el Jueves de Observación?,"Para ingresar a todas nuestras actividades debes registrarte a cada uno de los eventos que quieras asistir, los links de registro los encontraras en la página web de la Universidad Sergio Arboleda apartado observatorio astronómico o en nuestras redes sociales ""Observatorio Astronómico Universidad Sergio Arboleda"" en Facebook o en Instagram como la @lasergioescosmos",
¿Qué otras Actividades se realizan en el Observatorio Astronómico?,"El Observatorio astronómico de la Universidad Sergio Arboleda tiene varias actividades de acceso gratuito, como son nuestras tertulias aeroespaciales las cuales se realizan los días martes, lo mismo que nuestros conocidos jueves de observación que como su nombre lo indican se realizan todos los jueves del año.",
¿Como reservar el Planetario del Observatorio Astronómico?,"Para reservar los espacios del observatorio astronómico ""temas académicos"" Cúpula y planetario debes dirigirte al piso 10 de la torre F donde encontraras las oficinas, allí podrás hacer la reserva con el equipo del observatorio astronómico.",
¿Como reservar la Cúpula del Observatorio Astronómico?,"Para reservar los espacios del observatorio astronómico ""temas académicos"" Cúpula y planetario debes dirigirte al piso 10 de la torre F donde encontraras las oficinas, allí podrás hacer la reserva con el equipo del observatorio astronómico.",
¿Dónde Encuentro la Agenda de Actividades del Observatorio Astronómico?,La Agenda de actividades la puedes encontrar en la página web de la Universidad Sergio Arboleda apartado Observatorio Astronómico o en nuestras redes sociales en Facebook Observatorio Astronómico Universidad Sergio Arboleda o en Instagram @lasergioescosmos,
¿Donde se encuentra ubicado el Observatorio Astronómico?,El Observatorio Astronómico se encuentra en la Torre F piso 10,
¿Que debo hacer para asistir a las actividades del Observatorio Astronómico?,Para asistir a las distintas actividades del Observatorio astronómico debes registrarte a cada una de nuestras actividades a través de la página web de la Universidad Sergio Arboleda apartado Observatorio Astronómico o en nuestras redes sociales en Facebook Observatorio Astronomico Universidad Sergio Arboleda o en Instagram @lasergioescosmos,
¿Cómo puedo rastrear el Satélite Libertad 1?,"Puedes rastrear el primer satélite de Colombia a traves de los siguientes links
colocando libertad 1 
https://sky.rogue.space/
https://www.n2yo.com/",
¿Qué cursos de astronomía dicta el observatorio astronómico?,"El observatorio astronómico cuenta con dos cursos básicos de astronómia como son el curso Vega de astronomía básica y el curso ""Mi universo desde mi planeta azul"" para niños de los 9 a 13 años, para más información por favor acercarse al Observatorio Astronómico Torre F piso 10",
¿Cuándo puedo aplicar a grados?,"Para iniciar tu proceso de graduación, debes tener en cuenta los requisitos académicos. El primero, debes haber finalizado todos los créditos de tu malla curricular. El segundo, debes aplicar al proceso de egresado no graduado, para legalizar tu vertical académico. ",
¿Necesito por favor levantar un pre-requisito en una asignatura?,"Recuerda que los pre requisitos tienen un propósito en tu plan de estudios. Estos aseguran tu proceso de adquisición de competencias, y el flujo de tu proceso de aprendizaje. Esto garantiza que el momento en el que estás adquiriendo una competencia y un conocimiento nuevo sea el adecuado y propicio. Sin embargo, asegurando principio de favorabilidad de nuestros estudiantes puedes solicitar a tu Director estudiar levantar alguno. Por ejemplo, si es tu ultima asignatura por cursar, o si este pre requisito te implica un semestre más de estudios. ",
¿Cuándo puedo ir a práctica profesional?,"La práctica profesional es un momento único y relevante en tu proceso formativo. Es la oportunidad que tienes para seguir poniendo en práctica todo tu conocimiento, competencia y habilidades en las organizaciones de nuestro país. Recuerda que el requisito para acceder a ella fue flexibilizado con la última resolución. Cuando cumplas con el 85% de los créditos de tu plan de estudios puedes aplicar a la misma. Asegúrate de no tener materias pendientes del núcleo básico de carrera, y de no tener pendientes asignaturas de ciencias básicas o core humanista y económico-administrativo.   ",
¿Cuáles son las materias del core o núcleo humanista y económico-administrativo para Ingeniería Industrial?,"Las materias del core humanista y económico-administrativo del programa de ingeniería industrial son: Lectura y escritura académica I, Lectura y escritura académica II, Introducción a la economía, Organismos del estado colombiano, Cultura religiosa, Contabilidad general y de costos, Catedra Rodrigo Noguera Laborde. ",
¿Cuáles son las materias de ciencias básicas para Ingeniería Industrial?,"Las materias de ciencias básicas para el programa de ingeniería industrial son: Calculo diferencial, cálculo integral, física mecánica y laboratorio, álgebra lineal, física electromagnética y laboratorio, modelación matemática para ingeniería, termodinámica. ",
¿Cuáles son las materias del core o núcleo humanista y económico-administrativo para Ingeniería Ambiental?,"Las materias del core humanista y económico-administrativo del programa de ingeniería industrial son: Lectura y escritura académica I, Lectura y escritura académica II, Introducción a la economía, Cultura religiosa. ",
¿Cuáles son las materias de ciencias básicas para Ingeniería Ambiental?,"Las materias de ciencias básicas para el programa de ingeniería ambiental son: Calculo diferencial, química y laboratorio, Biología y laboratorio, cálculo integral, física mecánica y laboratorio, álgebra lineal aplicada, bioquímica ambiental, modelación matemática para ingeniería, termodinámica y ondas, métodos numéricos y herramientas computacionales. ",
¿Cuáles son las materias del core o núcleo humanista y económico-administrativo para ciencias de la computación?,"Las materias del core humanista y económico-administrativo del programa de ciencias de la computación son: Lectura y escritura académica I, Lectura y escritura académica II, Organización del estado colombiano, catedra Rodrigo Noguera Laborde, Cultura religiosa.",
¿Cuáles son las materias del core o núcleo humanista y económico-administrativo para ingeniería electrónica?,"Las materias del core humanista y económico-administrativo del programa de ingeniería electrónica son: Lectura y escritura académica I, Lectura y escritura académica II, Organismos del estado colombiano, catedra Rodrigo Noguera Laborde, Cultura religiosa, ingeniería económica.",
¿Cuáles son las materias de ciencias básicas para Ingeniería Electrónica?,"Las materias de ciencias básicas para el programa de ingeniería electrónica son: Calculo diferencial, cálculo integral, física mecánica y laboratorio, física electromagnética y laboratorio, álgebra lineal aplicada, cálculo vectorial y multivariable, fluidos y termodinámica, variable compleja, ondas y campos EM, calculo vectorial y multivariable. ",
¿Cuáles son las materias de ciencias básicas para Ciencias de la Computación?,"Las materias de ciencias básicas para el programa de ciencias de la computación son: Calculo diferencial, cálculo integral, física mecánica y laboratorio, álgebra lineal aplicada, física electromagnética y laboratorio, modelación matemática para ingeniería.",
a donde debo enviar un correo para inscribir una materia de otro programa como electiva dentro de la escuela o cual es el proceso,"enviar un correo a ecei@usa.edu.co, realizando la solicitud de la inscripcion de la asignatura con el respectivo codigo numero de cedula y programa al cual pertenece usted ",
con quien me debo comunicar si quiero realizar las practicas empresariales,con la coordinacion de practicas egresados y medio al correo preacticas.ecei@usa.edu.co,
si deseo tener una reunion con la direccion del programa cual es el paso a paso ,buscar el horario establecido a atencion a estudiantes por parte de la direccion del programa,
cual es el proceso que se debe hacer para acceder a hacer un segundo programa,"1. ir a admisiones y registro
2. revisar con ellos cual es el segundo programa que quiere cursar
3. admisiones realiza la cita para la entrevistar
4.se pide contenido programaticos y certificado de notas para la respectiva homologacion
5. se envia la propuesta de homologacion
6. generacion de desprendible de pago",
que debo hacer si tengo un bloqueo por documentos,"llamar a la extencion 2158, 2435
enviar un correo a ecei@usa.edu.co solicitando la informacion sobre el bloqueo",
cuales son los requisitos para poder hacer practicas,"Industrial: es obligatoria la practica y deben tener el 85% de los creditos aprovados, no deben estar debiendo materias de ciencias basicas o aplicadas
CCIA: la practica es una de las opciones de grado, para tener hacer practica deben tener el 88% de los creditos aprovados, no deben estar debiendo materias de ciencias basicas o aplicadas
Electronica: la practica es una de las opciones de grado, para tener hacer practica deben tener el 85% de los creditos aprovados, no deben estar debiendo materias de ciencias basicas o aplicadas
ambiental: si los estudiantes desean ver las practicas lo pueden hacer pero no es opcion de grado
matematicas: si los estudiantes desean ver las practicas lo pueden hacer pero no es opcion de grado, adicionalmente deben realizar una sustentacion frente al coloquio de Matemáticas",
cual es el correo de la escuela,ecei@usa.edu.co,
cuales son las lineas de optativas de ciencias,"La de HCP
Ciencia de datos
Sistemas Inteligentes
Seguridad de la informacion",
cuales son las lineas de optativas de electronica,"telecomunicaciones
Energia
Automatizacion y control
IoT
maquinas inteligentes
bioingenieria",
cuales son los eventos que hace la escuela por semestre,"DATAFEST, HACKATON, MARATON de programación",
¿Cómo solicitar el levantamiento de un prerrequisito?  ,"Debes enviar una carta radicada a la dirección del programa o a la coordinación académica de la Escuela, mencionando tus datos personales (nombre completo y número de cédula), el código de la asignatura a levantar el prerrequisito y el motivo por el cual lo solicitas. La ECEI tendrá tres días hábiles para evaluar el caso e indicarte si se levanta o no el prerrequisito solicitado.  ",
¿Cuál es el prerrequisito para ver la primera Optativa y/o Electiva profesional del programa de Ingeniería Ambiental?  ,   Para iniciar a ver las Optativas y las Electivas profesionales debes haber cursado y aprobado como mínimo el 50% de los créditos del programa.   ,
¿Cómo debo realizar la inscripción de la práctica profesional en el programa de Ingeniería Ambiental?  ,"   Recuerda que, si eliges hacer la práctica profesional, debes inscribir los módulos de “Electiva de libre elección”, “Electiva de emprendimiento” y “Electiva profesional 3”, las cuales se homologarán por el proceso de la práctica profesional.   ",
¿Hay prerrequisitos asociados a la inscripción de la práctica profesional en el programa de Ingeniería Ambiental?  ,"  Sí, debes haber cursado y aprobado mínimo el 85% de los créditos del programa a la fecha de la inscripción de la práctica.  ",
¿Qué opciones de grado están habilitadas para el programa de Ingeniería Ambiental?  ,"  Las opciones de grado habilitadas para Ingeniería Ambiental, son:
Trabajo de grado  
Semillero de Investigación
Estudio Coterminal
Titulación en el Exterior
Plan de negocios
Excelencia en concursos
Programa internacional
Ingeniería Humanitaria",
¿En qué consiste la opción de grado de Trabajo de grado para el programa de Ingeniería Ambiental?   ,"  Bajo esta modalidad, podrás desarrollar un trabajo teórico o experimental en el que aplicarás los conocimientos adquiridos durante tu programa.   
Reglamento General: Capítulo II de Resolución de Decanatura No 1121 de 2017 (Enlace: https://www.usergioarboleda.edu.co/wp-content/uploads/2015/04/Resolucio%CC%81n-1221-Reglamento-Opciones-de-grado-25-09-2017.pdf?c69294&fc6c97)  ",
¿En qué consiste la opción de grado de Semillero de Investigación para el programa de Ingeniería Ambiental?   ,"  Bajo esta modalidad, podrás obtener el título profesional bajo un enfoque de aprendizaje experimental e investigativo.   
Semestralmente, los docentes del programa según la disponibilidad habilitarán cupos para ingresar al semillero de investigación, donde se les comunicará a los estudiantes sobre las principales experticias a trabajar.   
El docente está en la facultad de seleccionar a los estudiantes, según los requisitos mínimos exigidos y los cupos habilitados.    
Reglamento General: Capítulo VII de Resolución de Decanatura No 1121 de 2017 (Enlace: https://www.usergioarboleda.edu.co/wp-content/uploads/2015/04/Resolucio%CC%81n-1221-Reglamento-Opciones-de-grado-25-09-2017.pdf?c69294&fc6c97)   ",
¿En qué consiste la opción de grado de Estudio Coterminal para el programa de Ingeniería Ambiental?  ,"  Bajo esta modalidad, podrás profundizar en competencias académicas de programas de postgrados. Deberás inscribir 8 créditos de algún programa de postgrado de la ECEI, cursarlos y aprobarlos con la nota mínima determinada para dicho programa.  
Para tomar esta opción, puedes solicitar orientación con la dirección de área.    
Reglamento General: Capítulo IV de Resolución de Decanatura No 1121 de 2017 (Enlace: https://www.usergioarboleda.edu.co/wp-content/uploads/2015/04/Resolucio%CC%81n-1221-Reglamento-Opciones-de-grado-25-09-2017.pdf?c69294&fc6c97)  ",
¿En qué consiste la opción de grado de Titulación en el Exterior para el programa de Ingeniería Ambiental?  ,"  Bajo esta modalidad, podrás obtener el título profesional con alguna universidad extranjera con la cual el programa tenga convenio suscrito, cursando el último año de la carrera en dicha institución.   
Para tomar esta opción, puedes solicitar orientación con la Oficina de Relaciones Internacionales y la dirección de programa.    
Reglamento General: Capítulo V de Resolución de Decanatura No 1121 de 2017 (Enlace: https://www.usergioarboleda.edu.co/wp-content/uploads/2015/04/Resolucio%CC%81n-1221-Reglamento-Opciones-de-grado-25-09-2017.pdf?c69294&fc6c97)  ",
¿En qué consiste la opción de grado de Plan de negocios para el programa de Ingeniería Ambiental?  ,"  Bajo esta modalidad, podrás obtener el título profesional elaborando un plan de negocios.   
Para tomar esta opción, puedes solicitar orientación con el Centro de Innovación, Emprendimiento y Empresa.    
Reglamento General: Capítulo VI de Resolución de Decanatura No 1121 de 2017 (Enlace: https://www.usergioarboleda.edu.co/wp-content/uploads/2015/04/Resolucio%CC%81n-1221-Reglamento-Opciones-de-grado-25-09-2017.pdf?c69294&fc6c97)  ",
¿En qué consiste la opción de grado de Excelencia en concursos para el programa de Ingeniería Ambiental?  ,"  Bajo esta modalidad, podrás obtener el título profesional por haber tenido un muy alto desempeño en concursos reconocidos por la Universidad.   
Reglamento General: Capítulo VIII de Resolución de Decanatura No 1121 de 2017 (Enlace: https://www.usergioarboleda.edu.co/wp-content/uploads/2015/04/Resolucio%CC%81n-1221-Reglamento-Opciones-de-grado-25-09-2017.pdf?c69294&fc6c97)  ",
¿En qué consiste la opción de grado de Programa internacional para el programa de Ingeniería Ambiental?  ,"  Bajo esta modalidad, deberás inscribirte y participar en un programa de la ECEI en el cual algunos de los módulos se desarrollen en sedes internacionales de la Universidad o universidades con las que la Sergio tenga convenio. 
Para información de programas internacionales ofertados, has clic en el siguiente enlace (ENLACE). 
Reglamento General: Capítulo III de Resolución de Decanatura No 1121 de 2017 (Enlace: https://www.usergioarboleda.edu.co/wp-content/uploads/2015/04/Resolucio%CC%81n-1221-Reglamento-Opciones-de-grado-25-09-2017.pdf?c69294&fc6c97)  ",
¿En qué consiste la opción de grado de Ingeniería Humanitaria para el programa de Ingeniería Ambiental?  ,"  Bajo esta modalidad, podrás obtener tu título profesional desarrollando competencias a través del liderazgo y solución de problemáticas de comunidades vulnerables o con potencial desarrollo, generando un proceso de trabajo en equipo y co-creación.  
Para información de esta opción de grado, puedes comunicarte a través del correo ecei@usa.edu.co   
Reglamento General: Capítulo III de Resolución de Decanatura No 1121 de 2017 (Enlace: https://www.usergioarboleda.edu.co/wp-content/uploads/2015/04/Resolucio%CC%81n-1221-Reglamento-Opciones-de-grado-25-09-2017.pdf?c69294&fc6c97)  ",
¿Cuál es el proceso para realizar intercambio con alguna universidad en el exterior?  ,"  Inicialmente, deberás validar los convenios vigentes que tiene el programa de Ingeniería Ambiental, esto puedes hacerlo en conjunto con la Oficina de Relaciones Internacionales (ORI) y la dirección de Área, o verificarlo en el siguiente enlace: https://www.usergioarboleda.edu.co/carreras-universitarias-ingenieria/ingenieria-ambiental. Es fundamental recordar que cada convenio tiene requisitos específicos los cuales se deberán validar.   
Tras verificarse este paso, se determinarán los módulos y la coherencia entre los contenidos programáticos y el número de créditos para establecer las asignaturas que el estudiante tomará en la Universidad extranjera, la cual también deberá aprobar el intercambio.  
Una vez aprobado el intercambio por las diferentes instancias, deberás seguir los pasos de inscripción que se determinen a través de la ORI.   ",
¿Cuál es el horario de atención de la dirección del programa de Ingeniería Ambiental?  ,  El horario de atención de la dirección del programa de Ingeniería Ambiental es los martes de 8:30 a.m. a 9:30 a.m. y los jueves de 2:00 p.m. a 3:00 p.m.  ,
¿Cuál es el prerrequisito de Cálculo diferencial en el programa de Ingeniería Ambiental? ,"El (los) prerrequisito(s) del módulo Cálculo diferencial, es (son): No tiene prerrequisito. ",
¿Cuál es el prerrequisito de Química y laboratorio en el programa de Ingeniería Ambiental? ,"El (los) prerrequisito(s) del módulo Química y laboratorio, es (son): No tiene prerrequisito. ",
¿Cuál es el prerrequisito de Biología y laboratorio en el programa de Ingeniería Ambiental? ,"El (los) prerrequisito(s) del módulo Biología y laboratorio, es (son): No tiene prerrequisito. ",
¿Cuál es el prerrequisito de Cálculo integral en el programa de Ingeniería Ambiental? ,"El (los) prerrequisito(s) del módulo Cálculo integral, es (son): Cálculo diferencial. ",
¿Cuál es el prerrequisito de Física mecánica y laboratorio en el programa de Ingeniería Ambiental? ,"El (los) prerrequisito(s) del módulo Física mecánica y laboratorio, es (son): No tiene prerrequisito. ",
¿Cuál es el prerrequisito de Bioquímica Ambiental en el programa de Ingeniería Ambiental? ,"El (los) prerrequisito(s) del módulo Bioquímica Ambiental, es (son): Biología y laboratorio; Química y laboratorio. ",
¿Cuál es el prerrequisito de Algebra lineal aplicada en el programa de Ingeniería Ambiental? ,"El (los) prerrequisito(s) del módulo Algebra lineal aplicada, es (son): Calculo diferencial. ",
¿Cuál es el prerrequisito de Modelación matemática para ingeniería en el programa de Ingeniería Ambiental? ,"El (los) prerrequisito(s) del módulo Modelación matemática para ingeniería, es (son): Cálculo integral. ",
¿Cuál es el prerrequisito de Termodinámica y ondas en el programa de Ingeniería Ambiental? ,"El (los) prerrequisito(s) del módulo Termodinámica y ondas, es (son): Física mecánica y laboratorio. ",
¿Cuál es el prerrequisito de Métodos numéricos y herramientas computacionales en el programa de Ingeniería Ambiental? ,"El (los) prerrequisito(s) del módulo Métodos numéricos y herramientas computacionales, es (son): Modelación matemática para ingeniería. ",
¿Cuál es el prerrequisito de Pensamiento Computacional en el programa de Ingeniería Ambiental? ,"El (los) prerrequisito(s) del módulo Pensamiento Computacional, es (son): No tiene prerrequisito. ",
¿Cuál es el prerrequisito de Introducción a la ingeniería en el programa de Ingeniería Ambiental? ,"El (los) prerrequisito(s) del módulo Introducción a la ingeniería, es (son): No tiene prerrequisito. ",
¿Cuál es el prerrequisito de Probabilidad y estadística en el programa de Ingeniería Ambiental? ,"El (los) prerrequisito(s) del módulo Probabilidad y estadística, es (son): No tiene prerrequisito. ",
"¿Cuál es el prerrequisito de Ecología, ecosistemas y biodiversidad en el programa de Ingeniería Ambiental? ","El (los) prerrequisito(s) del módulo Ecología, ecosistemas y biodiversidad, es (son): Biología y laboratorio. ",
"¿Cuál es el prerrequisito de Microbiología, biotecnología y laboratorio en el programa de Ingeniería Ambiental? ","El (los) prerrequisito(s) del módulo Microbiología, biotecnología y laboratorio, es (son): Bioquímica Ambiental. ",
¿Cuál es el prerrequisito de Química y calidad ambiental y laboratorio en el programa de Ingeniería Ambiental? ,"El (los) prerrequisito(s) del módulo Química y calidad ambiental y laboratorio, es (son): Bioquímica Ambiental. ",
¿Cuál es el prerrequisito de Balance de materia y energía en el programa de Ingeniería Ambiental? ,"El (los) prerrequisito(s) del módulo Balance de materia y energía, es (son): Termodinámica y ondas. ",
¿Cuál es el prerrequisito de Ciencias de la tierra y el suelo en el programa de Ingeniería Ambiental? ,"El (los) prerrequisito(s) del módulo Ciencias de la tierra y el suelo, es (son): Microbiología, biotecnología y laboratorio. ",
 ¿Cuál es el prerrequisito de Ciencias de la atmósfera en el programa de Ingeniería Ambiental? ,"El (los) prerrequisito(s) del módulo Ciencias de la atmósfera, es (son): Métodos numéricos y herramientas computacionales. ",
 ¿Cuál es el prerrequisito de Cartografía y Aplicaciones geoespaciales en el programa de Ingeniería Ambiental? ,"El (los) prerrequisito(s) del módulo Cartografía y Aplicaciones geoespaciales, es (son): No tiene prerrequisito. ",
 ¿Cuál es el prerrequisito de Fluidos e hidráulica en el programa de Ingeniería Ambiental? ,"El (los) prerrequisito(s) del módulo Fluidos e hidráulica, es (son): Física mecánica y laboratorio. ",
¿Cuál es el prerrequisito de Resolución de conflictos socioambientales en el programa de Ingeniería Ambiental? ,"El (los) prerrequisito(s) del módulo Resolución de conflictos socioambientales, es (son): No tiene prerrequisito. ",
¿Cuál es el prerrequisito de Ordenamiento territorial en Colombia en el programa de Ingeniería Ambiental? ,"El (los) prerrequisito(s) del módulo Ordenamiento territorial en Colombia, es (son): Cartografía y Aplicaciones geoespaciales. ",
¿Cuál es el prerrequisito de Análisis ambiental de procesos unitarios en el programa de Ingeniería Ambiental? ,"El (los) prerrequisito(s) del módulo Análisis ambiental de procesos unitarios, es (son): Balance de materia y energía. ",
¿Cuál es el prerrequisito de Hidrología y gobernanza del agua en el programa de Ingeniería Ambiental? ,"El (los) prerrequisito(s) del módulo Hidrología y gobernanza del agua, es (son): No tiene prerrequisito. ",
¿Cuál es el prerrequisito de Manejo y remediación de suelos en el programa de Ingeniería Ambiental? ,"El (los) prerrequisito(s) del módulo Manejo y remediación de suelos, es (son): Ciencias de la tierra y el suelo. ",
¿Cuál es el prerrequisito de Climate change: The science and global impact en el programa de Ingeniería Ambiental? ,"El (los) prerrequisito(s) del módulo Climate change: The science and global impact, es (son): No tiene prerrequisito. ",
" ¿Cuál es el prerrequisito de Gestión integral de residuos sólidos, tóxicos y peligrosos en el programa de Ingeniería Ambiental? ","El (los) prerrequisito(s) del módulo Gestión integral de residuos sólidos, tóxicos y peligrosos, es (son): Análisis ambiental de procesos unitarios. ",
¿Cuál es el prerrequisito de Water treatment en el programa de Ingeniería Ambiental? ,"El (los) prerrequisito(s) del módulo Water treatment, es (son): Fluidos e hidráulica, Análisis ambiental de procesos unitarios y Requisito de inglés. ",
¿Cuál es el prerrequisito de Control y simulación atmosférica en el programa de Ingeniería Ambiental? ,"El (los) prerrequisito(s) del módulo Control y simulación atmosférica, es (son): Ciencias de la atmósfera. ",
¿Cuál es el prerrequisito de Hydrodynamic modeling en el programa de Ingeniería Ambiental? ,"El (los) prerrequisito(s) del módulo Hydrodynamic modeling, es (son): Métodos numéricos y herramientas computacionales, Fluidos e hidráulica y Requisitos de Inglés. ",
"¿Cuál es el prerrequisito de Evaluación, planes de manejo y monitoreo ambiental en el programa de Ingeniería Ambiental? ","El (los) prerrequisito(s) del módulo Evaluación, planes de manejo y monitoreo ambiental, es (son): Cartografía y Aplicaciones geoespaciales. ",
¿Cuál es el prerrequisito de Sistemas de gestión y política ambiental en el programa de Ingeniería Ambiental? ,"El (los) prerrequisito(s) del módulo Sistemas de gestión y política ambiental, es (son): Evaluación, planes de manejo y monitoreo ambiental. ",
¿Cuál es el prerrequisito de Optativa A1 en el programa de Ingeniería Ambiental? ,"El (los) prerrequisito(s) del módulo Optativa A1, es (son): No tiene prerrequisito. ",
¿Cuál es el prerrequisito de Optativa A2 en el programa de Ingeniería Ambiental? ,"El (los) prerrequisito(s) del módulo Optativa A2, es (son): Optativa A1. ",
¿Cuál es el prerrequisito de Optativa A3 en el programa de Ingeniería Ambiental? ,"El (los) prerrequisito(s) del módulo Optativa A3, es (son): Optativa A2. ",
¿Cuál es el prerrequisito de Optativa B1 en el programa de Ingeniería Ambiental? ,"El (los) prerrequisito(s) del módulo Optativa B1, es (son): No tiene prerrequisito. ",
 ¿Cuál es el prerrequisito de Optativa B2 en el programa de Ingeniería Ambiental? ,"El (los) prerrequisito(s) del módulo Optativa B2, es (son): Optativa B1. ",
¿Cuál es el prerrequisito de Optativa B3 en el programa de Ingeniería Ambiental? ,"El (los) prerrequisito(s) del módulo Optativa B3, es (son): Optativa B2. ",
¿Cuál es el prerrequisito de Electiva profesional 1 en el programa de Ingeniería Ambiental? ,"El (los) prerrequisito(s) del módulo Electiva profesional 1, es (son): 50% de créditos aprobados. ",
¿Cuál es el prerrequisito de Electiva profesional 2 en el programa de Ingeniería Ambiental? ,"El (los) prerrequisito(s) del módulo Electiva profesional 2, es (son): 50% de créditos aprobados. ",
¿Cuál es el prerrequisito de Electiva profesional 3 en el programa de Ingeniería Ambiental? ,"El (los) prerrequisito(s) del módulo Electiva profesional 3, es (son): 50% de créditos aprobados. ",
¿Cuál es el prerrequisito de Opción de grado en el programa de Ingeniería Ambiental? ,"El (los) prerrequisito(s) del módulo Opción de grado, es (son): 70% de créditos aprobados. ",
¿Cuál es el prerrequisito de Cátedra Rodrigo Noguera Laborde en el programa de Ingeniería Ambiental? ,"El (los) prerrequisito(s) del módulo Cátedra Rodrigo Noguera Laborde, es (son): No tiene prerrequisito. ",
¿Cuál es el prerrequisito de Lectura y escritura académica I en el programa de Ingeniería Ambiental? ,"El (los) prerrequisito(s) del módulo Lectura y escritura académica I, es (son): No tiene prerrequisito. ",
 ¿Cuál es el prerrequisito de Lectura y escritura académica II en el programa de Ingeniería Ambiental? ,"El (los) prerrequisito(s) del módulo Lectura y escritura académica II, es (son): Lectura y escritura académica I. ",
¿Cuál es el prerrequisito de Introducción a la economía en el programa de Ingeniería Ambiental? ,"El (los) prerrequisito(s) del módulo Introducción a la economía, es (son):  No tiene prerrequisito. ",
¿Cuál es el prerrequisito de Cultura e historia de la religión en el programa de Ingeniería Ambiental? ,"El (los) prerrequisito(s) del módulo Cultura e historia de la religión, es (son):  No tiene prerrequisito. ",
¿Cuál es el prerrequisito de Electiva de humanidades en el programa de Ingeniería Ambiental? ,"El (los) prerrequisito(s) del módulo Electiva de humanidades, es (son):  No tiene prerrequisito. ",
¿Cuál es el prerrequisito de Seminario I+D+i en el programa de Ingeniería Ambiental? ,"El (los) prerrequisito(s) del módulo Seminario I+D+i, es (son):  No tiene prerrequisito. ",
 ¿Cuál es el prerrequisito de Formulación y evaluación de proyectos socioambientales en el programa de Ingeniería Ambiental? ,"El (los) prerrequisito(s) del módulo Formulación y evaluación de proyectos socioambientales, es (son): Introducción a la economía. ",
 ¿Cuál es el prerrequisito de Ética y responsabilidad social en el programa de Ingeniería Ambiental? ,"El (los) prerrequisito(s) del módulo Ética y responsabilidad social, es (son): No tiene prerrequisito. ",
¿Cuál es el prerrequisito de Electiva de libre elección en el programa de Ingeniería Ambiental? ,"El (los) prerrequisito(s) del módulo Electiva de libre elección, es (son):  No tiene prerrequisito. ",
¿Cuál es el prerrequisito de Electiva de emprendimiento en el programa de Ingeniería Ambiental? ,"El (los) prerrequisito(s) del módulo Electiva de emprendimiento, es (son):  No tiene prerrequisito. ",
¿Cuál es el contacto de la dirección de área de Ingeniería y Medio Ambiente? ,  La directora del programa es la ingeniera María Clara Sánchez. El correo institucional es mariacla.sanchez@usa.edu.co ,
¿Cuál es el contacto de los docentes del programa de Ingeniería Ambiental? ,"  Los docentes del programa y sus correos electrónicos son: 
Ingeniero Pedro Antonio Cárdenas B. (pedro.cardenas@usa.edu.co) 
Ingeniero Victor Augusto Lizcano S. (victor.lizcano@usa.edu.co) 
Ingeniero Diego Mauricio Rivera M. (diego.rivera@usa.edu.co) ",
 ¿Cómo solicitar un doble calificador en caso de requerirlo?  ,"  En caso de estar en desacuerdo con una calificación, el estudiante tendrá 3 días hábiles posteriores a la publicación de la nota para presentar una carta a la dirección de área explicando los motivos de la solicitud.  
Si se aprueba la solicitud, el docente asignado para la segunda calificación tendrá tres días hábiles para presentar su concepto, el cual podrá modificar la nota publicada. ",
 ¿Cómo solicitar un examen de suficiencia o validación? ,"  Para solicitar un examen de suficiencia o validación se revisará con la dirección de área o la coordinación académica tu promedio académico y se verificará que sea una de las dos últimas materias que te falta por cursar.  
Una vez verificado, el director de área y el decano aprobarán el respectivo examen y deberás cancelar los derechos correspondientes. Posteriormente, tendrás entre uno y cuatro meses para presentar el examen. Para este examen podrás contar con un tutor o docente asignado que te apoyará en el proceso.   ",
1,¿Qué sucede si se me pasa la fecha de inscripción de materias?,"Después de que se pasa su fecha de inscripción, al otro día el sistema le permitirá realizar la inscripción de materias entre las 7:00 pm y las 12:00 am."
2,¿Cuál es el proceso para incluir créditos adicionales?,"Debe inscribir todas las materias correspondientes a su semestre, luego inscribir los créditos adicionales, después reliquidar y en ese momento el sistema genera el recibo para pagar los adicionales."
3,¿Puedo ver materias de un crédito?,"Depende de la oferta del programa, debe revisar previamente la malla de su programa."
4,¿Me homologan materias de matemáticas si voy a hacer un doble programa?,"Si, debe solicitarse previamente autorización ante la dirección del programa para que se evalué la pertinencia de la solicitud."
5,¿Puedo tomar electivas de otro programa?,"Si, después de verificar la oferta de electivas de otro programa, la dirección del programa debe autorizarlo por el sistema sap."
6,¿Puedo ver materias de manera virtual?,"Según la oferta del programa para cada semestre, usualmente en matemáticas esto no sucede."
7,¿Cómo se que electivas maneja el programa?,"Antes de iniciar las matrículas, la dirección y coordinación académica enviarán la oferta del programa mediante correos electrónicos a todos los estudiantes. Si el estudiante no recibió dicha información, debe acercarse a la escuela para realizar la respectiva consulta."
8,¿Cómo puedo pedir tutorías?,"A través del aplicativo de tutorías disponible en la página de la Universidad se debe realizar la inscripción a tutoría, también es posible realizar la inscripción en bienestar universitario."
"9.	¿Si no pude venir el día del parcial, que debo hacer?","Solicitar a la escuela un examen supletorio o diferido. La dirección deberá aprobar la solicitud y decidir el tipo de examen a realizar, de acuerdo con la excusa presentada.",
10,¿Cómo tramito las excusas o incapacidades?,"En el servicio médico se deben tramitar las incapacidades médicas. Cuando las excusas no son médicas, estas se deben tramitar ante la dirección del programa."
